rank,doi,year,authors,title,journal,citations,altmetric_score
1,10.3389/fcosc.2020.615419,2021,"Bradshaw, CJA; Ehrlich, PR; Beattie, A; Ceballos, G; Crist, E; Diamond, J; Dirzo, R; Ehrlich, AH; Harte, J; Harte, ME; Pyke, G; Raven, PH; Ripple, WJ; Saltré, F; Turnbull, C; Wackernagel, M; Blumstein, DT",Underestimating the challenges of avoiding a ghastly future,Front Conserv Sci,374,
2,10.1371/journal.pcbi.1011268,2023,"Strona, G; Bradshaw, CJA; Cardoso, P; Gotelli, NJ; Guillaume, F; Manca, F; Mustonen, V; Zaman, L",Time-travelling pathogens and their risk to ecological communities,PLoS Comput Biol,4,
3,10.1038/s41586-021-03405-6,2021,"Diagne, C; Leroy, B; Vaissière, AC; Gozlan, RE; Roiz, D; Jarić, I; Salles, JM; Bradshaw, CJA; Courchamp, F",High and rising economic costs of biological invasions worldwide,Nature,1146,
4,10.1098/rsos.201197,2021,"Bradshaw, CJA; Meagher, P; Thiele, MJ; Harcourt, RG; Huveneers, C",Predicting potential future reduction in shark bites on people,R Soc Open Sci,14,
5,10.1073/pnas.1410465111,2014,"Bradshaw, CJA; Brook, BW",Human population reduction is not a quick fix for environmental problems,Proc Natl Acad Sci USA,142,
6,10.1038/ncomms12986,2016,"Bradshaw, CJA; Leroy, B; Bellard, C; Roiz, D; Albert, C; Fournier, A; Barbet-Massin, M; Salles, JM; Simard, F; Courchamp, F",Massive yet grossly underestimated global costs of invasive insects,Nat Commun,771,
7,10.1016/j.quascirev.2023.108418,2024,"Norman, K; Bradshaw, CJA; Saltré, F; Clarkson, C; Cohen, TJ; Hiscock, P; Jones, T; Boesl, F",Sea level rise drowned a vast habitable area of north-western Australia driving long-term cultural change,Quat Sci Rev,12,
8,10.1016/j.rser.2017.03.114,2017,"Heard, B; Brook, B; Wigley, T; Bradshaw, CJA",Burden of proof: A comprehensive review of the feasibility of 100% renewable-electricity systems,Renew Sustain Energy Rev,328,
9,10.1038/s41598-019-42946-9,2019,"Bird, MI; Condie, SA; O’Connor, S; O’Grady, D; Reepmeyer, C; Ulm, S; Zega, M; Saltré, F; Bradshaw, CJA",Early human settlement of Sahul was not an accident,Sci Rep,91,
10,10.1038/s41598-018-35068-1,2018,"Strona, G; Bradshaw, CJA",Co-extinctions annihilate planetary life during extreme environmental change,Sci Rep,75,
11,10.1088/1748-9326/ae51aa,2026,"Bradshaw, CJA; Judge, MA; Blumstein, DT; Ehrlich, PR; Dasgupta, ANZ; Wackernagel, M; Weeda, LJZ; Le Souëf, PN",Global human population has surpassed Earth’s sustainable carrying capacity,Environ Res Lett,0,
12,10.1038/ng.2536,2013,"Adler, CJ; Dobney, K; Weyrich, LS; Kaidonis, J; Walker, AW; Haak, W; Bradshaw, CJA; Townsend, G; Sołtysiak, A; Alt, KW; Parkhill, J; Cooper, A",Sequencing ancient calcified dental plaque shows changes in oral microbiota with dietary shifts of the Neolithic and Industrial revolutions,Nat Genet,522,
13,10.1038/s41559-017-0370-9,2017,"Courchamp, F; Bradshaw, CJA",100 articles every ecologist should read,Nat Ecol Evol,32,
14,10.1111/cobi.12433,2015,"Brook, BW; Bradshaw, CJA",Key role for nuclear energy in global biodiversity conservation,Conserv Biol,110,
15,10.1126/sciadv.1501682,2016,"Metcalf, JL; Turney, C; Barnett, R; Martin, F; Bray, SC; Vilstrup, JT; Orlando, L; Salas-Gismondi, R; Loponte, D; Medina, M; De Nigris, M; Civalero, T; Fernández, PM; Gasco, A; Duran, V; Seymour, KL; Otaola, C; Gil, A; Paunero, R; Prevosti, FJ; Bradshaw, CJA; Wheeler, JC; Borrero, L; Austin, JJ; Cooper, A",Synergistic roles of climate warming and human occupation in Patagonian megafaunal extinctions during the Last Deglaciation,Sci Adv,0,
16,10.1186/s12302-023-00750-3,2023,"Henry, M; Leung, B; Cuthbert, RN; Bodey, TW; Ahmed, DA; Angulo, E; Balzani, P; Briski, E; Courchamp, F; Hulme, PE; Kouba, A; Kourantidou, M; Liu, C; Macêdo, RL; Oficialdegui, FJ; Renault, D; Soto, I; Tarkan, AS; Turbelin, AJ; Bradshaw, CJA; et al.",Unveiling the hidden economic toll of biological invasions in the European Union,Environ Sci Eur,56,
17,10.1016/j.oneear.2021.01.014,2021,"Di Minin, E; Clements, HS; Correia, RA; Cortés-Capano, G; Fink, C; Haukka, A; Hausmann, A; Kulkarni, R; Bradshaw, CJA",Consequences of recreational hunting for biodiversity conservation and livelihoods,One Earth,96,
18,10.1038/s41559-025-02667-x,2025,"Mulà, C; Bradshaw, CJA; Cabeza, M; Manca, F; Montano, S; Strona, G",Restoration cannot be scaled up globally to save reefs from loss and degradation,Nat Ecol Evol,38,
19,10.1098/rspb.2024.0967,2024,"Bradshaw, CJA; Saltré, F; Crabtree, SA; Reepmeyer, C; Moutsiou, T",Small populations of Palaeolithic humans in Cyprus hunted endemic megafauna to extinction,Proc R Soc B,3,
20,10.1093/jpe/RTR038,2012,"Bradshaw, CJA",Little left to lose: deforestation and forest degradation in Australia since European colonization,J Plant Ecol,311,
21,10.1016/j.gloplacha.2015.02.004,2015,"Bradshaw, CJA; Warkentin, IG",Global estimates of boreal forest carbon stocks and flux,Glob Planet Change,370,
22,10.7717/peerj.5554,2018,"Huveneers, C; Whitmarsh, S; Thiele, M; Meyer, L; Fox, A; Bradshaw, CJA",Effectiveness of five personal shark-bite deterrents for surfers,PeerJ,43,
23,10.1111/j.1523-1739.2008.01165.x,2009,"Warkentin, IG; Bickford, D; Sodhi, NS; Bradshaw, CJA",Eating frogs to extinction,Conserv Biol,67,
24,10.1038/nature10425,2011,"Gibson, L; Lee, TM; Koh, LP; Brook, BW; Gardner, TA; Barlow, J; Peres, CA; Bradshaw, CJA; Laurance, WF; Lovejoy, TE; Sodhi, NS",Primary forests are irreplaceable for sustaining tropical biodiversity,Nature,1781,
25,10.1073/pnas.2318293121,2024,"Bradshaw, CJA; Reepmeyer, C; Saltré, F; Agapiou, A; Kassianidou, V; Demesticha, S; Zomeni, Z; Polidorou, M; Moutsiou, T",Demographic models predict end-Pleistocene arrival and rapid expansion of pre-agropastoralist humans in Cyprus,Proc Natl Acad Sci USA,6,
26,10.1126/science.1240495,2013,"Gibson, L; Lynam, AJ; Bradshaw, CJA; He, F; Bickford, DP; Woodruff, DS; Bumrungsri, S; Laurance, WF",Near-complete extinction of native small mammal fauna 25 years after forest fragmentation,Science,279,
27,10.1038/s41467-021-21551-3,2021,"Bradshaw, CJA; Norman, K; Ulm, S; Williams, AN; Clarkson, C; Chadœuf, J; Lin, SC; Jacobs, Z; Roberts, RG; Bird, MI; Weyrich, LS; Haberle, SG; O’Connor, S; Llamas, B; Cohen, TJ; Friedrich, T; Veth, P; Leavesley, M; Saltré, F",Stochastic models support rapid peopling of Late Pleistocene Sahul,Nat Commun,50,
28,10.1016/j.scitotenv.2024.170944,2024,"Weeda, LJ; Bradshaw, CJA; Judge, MA; Saraswati, CM; Le Souëf, PN",How climate change degrades child health: a systematic review and meta-analysis,Sci Total Environ,45,
29,10.1038/s41562-021-01106-8,2021,"Crabtree, SA; White, DA; Bradshaw, CJA; Saltré, F; Williams, AN; Beaman, RJ; Bird, MI; Ulm, S",Landscape rules predict optimal superhighways for the first peopling of Sahul,Nat Hum Behav,53,
30,10.11646/zootaxa.4564.1.6,2019,"Smith, BP; Cairns, KM; Adams, JW; Newsome, TM; Fillios, M; Déaux, EC; Parr, WCH; Letnic, M; Van Eeden, LM; Appleby, RG; Bradshaw, CJA; Savolainen, P; Ritchie, EG; Nimmo, DG; Archer-Lean, C; Greenville, AC; Dickman, CR; Watson, L; Moseby, KE; Doherty, TS; et al.","Taxonomic status of the Australian dingo: the case for <i>Canis dingo</i> Meyer, 1793",Zootaxa,58,
31,10.1016/j.tree.2015.12.006,2016,"Di Minin, E; Leader-Williams, N; Bradshaw, CJA",Banning trophy hunting will exacerbate biodiversity loss,Trends Ecol Evol,161,
32,10.1016/j.biocon.2013.12.036,2014,"Frankham, R; Bradshaw, CJA; Brook, BW","Genetics in conservation management: Revised recommendations for the 50/500 rules, Red List criteria and population viability analyses",Biol Conserv,912,
33,10.3897/neobiota.67.58834,2021,"Bradshaw, CJA; Hoskins, AJ; Haubrock, PJ; Cuthbert, RN; Diagne, C; Leroy, B; Andrews, L; Page, B; Cassey, P; Sheppard, AW; Courchamp, F",Detailed assessment of the reported economic costs of invasive species in Australia,NeoBiota,94,
34,10.1038/s41597-022-01453-9,2022,"Riley, M; Meagher, P; Huveneers, C; Leto, J; Peddemors, VM; Slip, D; West, J; Bradshaw, CJA",The Australian Shark-Incident Database for quantifying temporal and spatial patterns of shark-human conflict,Sci Data,26,
35,10.1038/nature11318,2012,"Laurance, WF; Carolina Useche, D; Rendeiro, J; Kalka, M; Bradshaw, CJA; Sloan, SP; Laurance, SG; Campbell, M; Abernethy, K; Alvarez, P; Arroyo-Rodriguez, V; Ashton, P; Benítez-Malvido, J; Blom, A; Bobo, KS; Cannon, CH; Cao, M; Carroll, R; Chapman, C; Coates, R; et al.",Averting biodiversity collapse in tropical forest protected areas,Nature,973,
36,10.1038/s41467-019-13277-0,2019,"Saltré, F; Chadoeuf, J; Peters, KJ; McDowell, MC; Friedrich, T; Timmermann, A; Ulm, S; Bradshaw, CJA",Climate-human interaction associated with southeast Australian megafauna extinction patterns,Nat Commun,48,
37,10.1038/s41561-024-01388-3,2024,"Bird, MI; Brand, M; Comley, R; Fu, X; Hadeen, X; Jacobs, Z; Rowe, C; Wurster, CM; Zwart, C; Bradshaw, CJA",Late Pleistocene emergence of an anthropogenic fire regime in Australia’s tropical savannahs,Nat Geosci,47,
38,10.1038/s41559-019-0902-6,2019,"Bradshaw, CJA; Ulm, S; Williams, AN; Bird, MI; Roberts, RG; Jacobs, Z; Laviano, F; Weyrich, LS; Friedrich, T; Norman, K; Saltré, F",Minimum founding populations for the first peopling of Sahul,Nat Ecol Evol,52,
39,10.1371/journal.pone.0280260,2023,"Bradshaw, CJA; Perry, C; Judge, MA; Saraswati, CM; Heyworth, J; Le Souëf, PN","Lower infant mortality, lower household size, and more access to contraception reduce fertility in low- and middle-income nations",PLoS One,22,
40,10.1016/j.tree.2008.03.011,2008,"Brook, B; Sodhi, N; Bradshaw, CJA",Synergies among extinction drivers under global change,Trends Ecol Evol,1564,
41,10.1016/j.tree.2009.03.019,2009,"Bradshaw, CJA; Warkentin, IG; Sodhi, NS",Urgent preservation of boreal carbon stocks and biodiversity,Trends Ecol Evol,0,
42,10.1111/j.1365-2486.2007.01446.x,2007,"Bradshaw, CJA; Sodhi, NS; Peh, KS; Brook, BW",Global evidence that deforestation amplifies flood risk and severity in the developing world,Glob Change Biol,443,
43,10.1371/journal.pone.0010440,2010,"Bradshaw, CJA; Giam, X; Sodhi, NS",Evaluating the relative environmental impact of countries,PLoS One,0,
44,10.1111/gcb.15221,2020,"Monaco, CJ; Bradshaw, CJA; Booth, DJ; Gillanders, BM; Schoeman, DS; Nagelkerken, I",Dietary generalism accelerates arrival and persistence of coral‐reef fishes in their novel ranges under climate change,Glob Change Biol,46,
45,10.1016/j.quascirev.2023.107971,2023,"Bradshaw, CJA; Crabtree, SA; White, DA; Ulm, S; Bird, MI; Williams, AN; Saltré, F",Directionally supervised cellular automaton for the initial peopling of Sahul,Quat Sci Rev,11,
46,10.1525/bio.2013.63.10.9,2013,"Laurance, WF; Useche, DC; Laurance, SG; Bradshaw, CJA",Predicting publication success for biologists,BioScience,84,
47,10.1111/ecog.06619,2023,"Llewelyn, J; Strona, G; Dickman, CR; Greenville, AC; Wardle, GM; Lee, MSY; Doherty, S; Shabani, F; Saltré, F; Bradshaw, CJA",Predicting predator–prey interactions in terrestrial endotherms using random forest,Ecography,0,
48,10.1016/j.biocon.2021.109418,2022,"Di Minin, E; 't Sas-Rolfes, M; Selier, J; Louis, M; Bradshaw, CJA",Dismantling the poachernomics of the illegal wildlife trade,Biol Conserv,28,
49,10.1098/rsbl.2005.0313,2005,"Evans, K; Thresher, R; Warneke, R; Bradshaw, CJA; Pook, M; Thiele, D; Hindell, M",Periodic variability in cetacean strandings: links to large-scale climate events,Biology Letters,0,
50,10.1073/pnas.2311280120,2024,"Hamilton, R; Amano, N; Bradshaw, CJA; Saltré, F; Patalano, R; Penny, D; Stevenson, J; Wolfhagen, J; Roberts, P","Forest mosaics, not savanna corridors, dominated in Southeast Asia during the Last Glacial Maximum",Proc Natl Acad Sci USA,31,
51,10.1002/ece3.72470,2026,"Saltré, F; Peters, KJ; Rogers, DJ; Chadoeuf, J; Weisbecker, V; Bradshaw, CJA",Balancing high densities and conservation targets to optimise koala management strategies,Ecol Evol,0,
52,10.1177/08901171211064224,2022,"Ripple, WJ; DellaSala, DA; Baumann, F; Gregg, J; Betts, MG; Law, BE; Bradshaw, CJA; Wolf, C",Zoonotic diseases and our troubled relationship with nature,Am J Health Promot,7,
53,10.1093/biosci/biaf181,2026,"Arbieu, U; Bellard, C; Bradshaw, CJA; Correia, R; Courtois, P; Di Minin, E; Jarić, I; Murfree, JR; Orr, M; Roturier, S; Sartore-Baldwin, M; Veríssimo, D; Courchamp, F",Wildlife diversity in global team sport branding,BioScience,2,
54,10.1093/biosci/biz004,2019,"Herrando-Pérez, S; Bradshaw, CJA; Lewandowsky, S; Vieites, DR",Statistical language backs conservatism in climate-change assessments,BioScience,25,
55,10.1093/jmammal/gyad053,2023,"Mitchell, DR; Cairns, SC; Körtner, G; Bradshaw, CJA; Saltré, F; Weisbecker, V",Differential developmental rates and demographics in red kangaroo (<i>Osphranter rufus</i>) populations separated by the dingo barrier fence,J Mammal,2,
56,10.1111/ecog.06089,2022,"Llewelyn, J; Strona, G; McDowell, MC; Johnson, CN; Peters, KJ; Stouffer, DB; de Visser, SN; Saltré, F; Bradshaw, CJA",Sahul's megafauna were vulnerable to plant‐community changes due to their position in the trophic network,Ecography,9,
57,10.1016/j.quascirev.2025.109504,2025,"Bird, MI; Brand, M; Comley, R; Hadeen, X; Jacobs, Z; Rowe, C; Saltré, F; Wurster, CM; Zwart, C; Bradshaw, CJA","A 150,000-year lacustrine record of the Indo-Australian monsoon from northern Australia",Quat Sci Rev,4,
58,10.1016/j.biocon.2007.06.011,2007,"Traill, LW; Bradshaw, CJA; Brook, BW",Minimum viable population size: a meta-analysis of 30 years of published estimates,Biol Conserv,0,
59,10.1016/j.marpolbul.2023.115855,2024,"Huveneers, C; Blount, C; Bradshaw, CJA; Butcher, PA; Lincoln Smith, MP; Macbeth, WG; McPhee, DP; Moltschaniwskyj, N; Peddemors, VM; Green, M",Shifts in the incidence of shark bites and efficacy of beach-focussed mitigation in Australia,Mar Pollut Bull,21,
60,10.1111/1365-2664.12378,2015,"Prowse, TAA; Johnson, CN; Cassey, P; Bradshaw, CJA; Brook, BW",Ecological and economic benefits to cattle rangelands of restoring an apex predator,J Appl Ecol,52,
61,10.3897/rethinkingecology.4.32570,2019,"Bradshaw, CJA",Opportunities to improve the future of South Australia’s terrestrial biodiversity,ReEco,3,
62,10.1111/1365-2656.12029,2013,"Prowse, TAA; Johnson, CN; Lacy, RC; Bradshaw, CJA; Pollak, JP; Watts, MJ; Brook, BW",No need for disease: testing extinction hypotheses for the thylacine using multi‐species metamodels,J Anim Ecol,46,
63,10.1098/rspb.2015.2399,2016,"Johnson, CN; Alroy, J; Beeton, NJ; Bird, MI; Brook, BW; Cooper, A; Gillespie, R; Herrando-Pérez, S; Jacobs, Z; Miller, GH; Prideaux, GJ; Roberts, RG; Rodríguez-Rey, M; Saltré, F; Turney, CSM; Bradshaw, CJA",What caused extinction of the Pleistocene megafauna of Sahul?,Proc R Soc B,44,
64,10.1111/brv.13071,2024,"Soto, I; Balzani, P; Carneiro, L; Cuthbert, RN; Macêdo, R; Serhan Tarkan, A; Ahmed, DA; Bang, A; Bacela‐Spychalska, K; Bailey, SA; Baudry, T; Ballesteros‐Mejia, L; Bortolus, A; Briski, E; Britton, JR; Buřič, M; Camacho‐Cervantes, M; Cano‐Barbacil, C; Copilaș‐Ciocianu, D; Coughlan, NE; Courtois, P; Csabai, Z; Dalu, T; De Santis, V; Dickey, JWE; Dimarco, RD; Falk‐Andersson, J; Fernandez, RD; Florencio, M; Franco, ACS; García‐Berthou, E; Giannetto, D; Glavendekic, MM; Grabowski, M; Heringer, G; Herrera, I; Huang, W; Kamelamela, KL; Kirichenko, NI; Kouba, A; Kourantidou, M; Kurtul, I; Laufer, G; Lipták, B; Liu, C; López‐López, E; Lozano, V; Mammola, S; Marchini, A; Meshkova, V; Milardi, M; Musolin, DL; Nuñez, MA; Oficialdegui, FJ; Patoka, J; Pattison, Z; Pincheira‐Donoso, D; Piria, M; Probert, AF; Rasmussen, JJ; Renault, D; Ribeiro, F; Rilov, G; Robinson, TB; Sanchez, AE; Schwindt, E; South, J; Stoett, P; Verreycken, H; Vilizzi, L; Wang, Y; Watari, Y; Wehi, PM; Weiperth, A; Wiberg‐Larsen, P; Yapıcı, S; Yoğurtçuoğlu, B; Zenni, RD; Galil, BS; Dick, JTA; Russell, JC; Ricciardi, A; Simberloff, D; Bradshaw, CJA; Haubrock, PJ",Taming the terminological tempest in invasion science,Biol Rev,156,
65,10.1002/fee.2862,2025,"Arbieu, U; Bellard, C; Bradshaw, CJA; Correia, RA; Courtois, P; Di Minin, E; Jarić, I; Leroy, B; Murfree, JR; Orr, M; Roturier, S; Sartore‐Baldwin, M; Veríssimo, D; Courchamp, F",Professional sport organizations as potential champions of biodiversity conservation,Front Ecol Environ,2,
66,10.7554/eLife.63870,2021,"Bradshaw, CJA; Johnson, CN; Llewelyn, J; Weisbecker, V; Strona, G; Saltré, F",Relative demographic susceptibility does not explain the extinction chronology of Sahul’s megafauna,eLife,17,
67,10.1016/j.apenergy.2015.01.006,2015,"Hong, S; Bradshaw, CJA; Brook, BW",Global zero-carbon energy pathways using viable mixes of nuclear and renewables,Appl Energy,63,
68,10.1038/s41467-024-48273-6,2024,"Manca, F; Benedetti-Cecchi, L; Bradshaw, CJA; Cabeza, M; Gustafsson, C; Norkko, AM; Roslin, TV; Thomas, DN; White, L; Strona, G",Projected loss of brown macroalgae and seagrasses with global environmental change,Nat Commun,0,
69,10.1890/15-1784.1,2016,"Liu, X; Lyu, S; Zhou, S; Bradshaw, CJA",Warming and fertilization alter the dilution effect of host diversity on disease severity,Ecology,0,
70,10.1016/j.biocon.2009.09.001,2010,"Traill, LW; Brook, BW; Frankham, RR; Bradshaw, CJA",Pragmatic population viability targets in a rapidly changing world,Biol Conserv,214,
71,10.1038/s41598-019-45762-3,2019,"Bradshaw, CJA; Di Minin, E",Socio-economic predictors of environmental performance among African nations,Sci Rep,0,
72,10.1111/gcb.16836,2023,"Doherty, S; Saltré, F; Llewelyn, J; Strona, G; Williams, SE; Bradshaw, CJA",Estimating co‐extinction threats in terrestrial ecosystems,Glob Change Biol,0,
73,10.1371/journal.pone.0151090,2016,"Block, S; Saltré, F; Rodríguez-Rey, M; Fordham, DA; Unkel, I; Bradshaw, CJA","Where to dig for fossils: combining climate-envelope, taphonomy and discovery models",PLoS One,0,
74,10.1016/j.envres.2025.122412,2025,"Fatima, SH; Judge, MA; Le Souëf, PN; Bradshaw, CJA",Impact of climate change on diarrhoea risk in low- and middle-income countries,Environ Res,0,
75,10.1016/j.tree.2025.03.010,2025,"Carneiro, L; Leroy, B; Capinha, C; Bradshaw, CJA; Bertolino, S; Catford, JA; Camacho-Cervantes, M; Bojko, J; Klippel, G; Kumschick, S; Pincheira-Donoso, D; Tonkin, JD; Fath, BD; South, J; Manfrini, E; Dallas, T; Courchamp, F",Typology of the ecological impacts of biological invasions,Trends Ecol Evol,0,
76,10.1111/cobi.12189,2013,"Ritchie, EG; Bradshaw, CJA; Dickman, CR; Hobbs, R; Johnson, CN; Johnston, EL; Laurance, WF; Lindenmayer, D; McCarthy, MA; Nimmo, DG; Possingham, HH; Pressey, RL; Watson, DM; Woinarski, J",Continental‐scale governance and the hastening of loss of Australia's biodiversity,Conserv Biol,41,
77,10.1111/ddi.12767,2018,"Martínez, B; Radford, B; Thomsen, MS; Connell, SD; Carreño, F; Bradshaw, CJA; Fordham, DA; Russell, BD; Gurgel, CFD; Wernberg, T",Distribution models predict large contractions of habitat‐forming seaweeds in response to ocean warming,Divers Distrib,176,
78,10.1890/13-0746.1,2014,"Prowse, TAA; Johnson, CN; Bradshaw, CJA; Brook, BW",An ecological regime shift resulting from disrupted predator–prey interactions in Holocene Australia,Ecology,0,
79,10.1111/mec.70097,2025,"Gates, K; Sandoval‐Castillo, J; Beaman, JE; da Silva, KB; Saltré, F; Belov, K; Hogg, CJ; Bradshaw, CJA; Beheregaray, LB",Conservation arks: genomic erosion and inbreeding in an abundant island population of koalas,Mol Ecol,0,
80,10.1111/gcb.12343,2014,"Sequeira, AMM; Mellin, C; Fordham, DA; Meekan, MG; Bradshaw, CJA",Predicting current and future global distributions of whale sharks,Glob Change Biol,0,
81,10.1038/s41467-024-48762-8,2024,"Saltré, F; Chadœuf, J; Higham, T; Ochocki, M; Block, S; Bunney, E; Llamas, B; Bradshaw, CJA",Environmental conditions associated with initial northern expansion of anatomically modern humans,Nat Commun,0,
82,10.1093/biosci/biag009,2026,"Barry, C; Muir, B; Backhaus, V; Coyne, C; Donnelly, E; Evans-Illidge, E; Ferreira, LC; Flagg, D; Fletcher, MS; Gleiss, AC; Harris, M; Hounslow, JL; Kampers, D; Keevers-Lock, L; Koroi, C; Mamtora, J; Marshall, M; Meekan, MG; Poelina, A; Ropeyarn (Angkamuthi, Yadhaykenu, Woppaburra, Meriam), Y; Russell, L; Thums, M; Tobler, R; Ulm, S; Bradshaw, CJA",Crediting and citing Indigenous Knowledges within research,BioScience,0,
83,10.3389/fpubh.2024.1339933,2024,"Saraswati, CM; Judge, MA; Weeda, LJZ; Bassat, Q; Prata, N; Le Souëf, PN; Bradshaw, CJA",Net benefit of smaller human populations to environmental integrity and individual health and wellbeing,Front Public Health,0,
84,10.7554/eLife.55993,2020,"Carturan, BS; Pither, J; Maréchal, JP; Bradshaw, CJA; Parrott, L","Combining agent-based, trait-based and demographic approaches to model coral-community dynamics",eLife,0,
85,10.1098/rsbl.2017.0642,2018,"White, LC; Saltré, F; Bradshaw, CJA; Austin, JJ","High-quality fossil dates support a synchronous, Late Holocene extinction of devils and thylacines in mainland Australia",Biology Letters,0,
86,10.1093/biosci/biad060,2023,"Ahmed, DA; Haubrock, PJ; Cuthbert, RN; Bang, A; Soto, I; Balzani, P; Tarkan, AS; Macêdo, RL; Carneiro, L; Bodey, TW; Oficialdegui, FJ; Courtois, P; Kourantidou, M; Angulo, E; Heringer, G; Renault, D; Turbelin, AJ; Hudgins, EJ; Liu, C; Gojery, SA; Arbieu, U; Diagne, C; Leroy, B; Briski, E; Bradshaw, CJA; Courchamp, F",Recent advances in availability and synthesis of the economic costs of biological invasions,BioScience,0,
87,10.1016/j.palaeo.2025.113294,2025,"Llewelyn, J; Long, JA; Cloutier, R; Clement, AM; Strona, G; Saltré, F; Lee, MS; Choo, B; Trinajstic, K; Vanhaesebroucke, O; Fitzpatrick, A; Bradshaw, CJA",Trait-space disparity in fish communities spanning 380 million years from the Late Devonian to present,Palaeogeogr Palaeoclimatol Palaeoecol,0,
88,10.1016/j.biocon.2023.110164,2023,"Barry, C; Legaspi, C; Clarke, TM; Araujo, G; Bradshaw, CJA; Gleiss, AC; Meyer, L; Huveneers, C",Estimating the energetic cost of whale shark tourism,Biol Conserv,0,
89,10.1038/ncomms10491,2016,"Mellin, C; Mouillot, D; Kulbicki, M; McClanahan, TR; Vigliola, L; Bradshaw, CJA; Brainard, RE; Chabanet, P; Edgar, GJ; Fordham, DA; Friedlander, AM; Parravicini, V; Sequeira, AMM; Stuart-Smith, RD; Wantiez, L; Caley, MJ",Humans and seasonal climate variability threaten large-bodied coral reef fish with small ranges,Nat Commun,0,
90,10.1111/cobi.13501,2021,"Mathwin, R; Wassens, S; Young, J; Ye, Q; Bradshaw, CJA",Manipulating water for amphibian conservation,Conserv Biol,0,
91,10.1002/eap.1882,2019,"Lyon, JP; Bird, TJ; Kearns, J; Nicol, S; Tonkin, Z; Todd, CR; O'Mahony, J; Hackett, G; Raymond, S; Lieschke, J; Kitchingman, A; Bradshaw, CJA",Increased population size of fish in a lowland river following restoration of structural habitat,Ecol Appl,0,
92,10.1111/1365-2664.12369,2015,"Nimmo, DG; Watson, SJ; Forsyth, DM; Bradshaw, CJA",Dingoes can help conserve wildlife and our methods can tell,J Appl Ecol,35,
93,10.1371/journal.pone.0001636,2008,"Sodhi, NS; Bickford, D; Diesmos, AC; Lee, TM; Koh, LP; Brook, BW; Sekercioglu, CH; Bradshaw, CJA",Measuring the meltdown: drivers of global amphibian extinction and decline,PLoS One,0,
94,10.1002/ecm.1615,2024,"Champreux, A; Saltré, F; Traylor, W; Hickler, T; Bradshaw, CJA",How to map biomes: quantitative comparison and review of biome‐mapping methods,Ecol Monogr,9,
95,10.1038/s41467-025-62692-z,2025,"Wang, X; Nursyifa, C; Aninta, SG; Garcia-Erill, G; Bertola, LD; Khan, A; Kuja, J; Hanghøj, K; Meisner, J; Bøggild, T; Bradshaw, CJA; Al-Chaer, A; Persada, AP; Priyono, DS; Tribudi, YA; Sudrajad, P; Gaina, CD; Jiang, Y; Lenstra, JA; Cauble-Sims, R; et al.",The genetic diversity of Indonesian cattle has been shaped by multiple introductions and adaptive introgression,Nat Commun,0,
96,10.1136/bmjopen-2019-029968,2019,"Bradshaw, CJA; Otto, SP; Annamalay, AA; Heft-Neal, S; Wagner, Z; Le Souëf, PN",Testing the socioeconomic and environmental determinants of better child-health outcomes in Africa: a cross-sectional study among nations,BMJ Open,0,
97,10.1080/03721426.2015.1035217,2015,"Heard, B; Bradshaw, CJA; Brook, BW",Beyond wind: furthering development of clean energy in South Australia,Trans R Soc S Aust,0,
98,10.1111/j.1461-0248.2006.00883.x,2006,"Brook, BW; Traill, LW; Bradshaw, CJA",Minimum viable population sizes and global extinction risk are unrelated,Ecol Lett,0,
99,10.1111/emr.12130,2014,"Bradby, K; Fitzsimons, JA; Del Marco, A; Driscoll, DA; Ritchie, EG; Lau, J; Bradshaw, CJA; Hobbs, RJ",Ecological connectivity or Barrier Fence? Critical choices on the agricultural margins of Western Australia,Ecol Manag Restor,25,
100,10.1002/app5.135,2016,"Bradshaw, CJA; Brook, BW",Implications of Australia's population policy for future greenhouse gas emissions targets,Asia Pac Policy Stud,11,
101,10.1371/journal.pone.0149852,2016,"Bradshaw, CJA; Brook, BW",How to rank journals,PLoS One,57,
102,10.1016/j.biocon.2008.05.007,2008,"Bradshaw, CJA; Fitzpatrick, BM; Steinberg, CC; Brook, BW; Meekan, MG",Decline in whale shark size and abundance at Ningaloo Reef over the past decade: the world’s largest fish is getting smaller,Biol Conserv,0,
103,10.1111/ecog.07169,2025,"Philippe‐Lesaffre, M; Bradshaw, CJA; Castañeda, I; Llewelyn, J; Dickman, CR; Lepczyk, CA; Fantle-Lepczyk, J; Marino, C; Courchamp, F; Bonnaud, E",Differential predation patterns of free‐ranging cats among continents,Ecography,0,
104,10.1093/biosci/biae010,2024,"Carneiro, L; Hulme, PE; Cuthbert, RN; Kourantidou, M; Bang, A; Haubrock, PJ; Bradshaw, CJA; Balzani, P; Bacher, S; Latombe, G; Bodey, TW; Probert, AF; Quilodrán, CS; Courchamp, F",Benefits do not balance costs of biological invasions,BioScience,0,
105,10.1002/ecs2.70082,2024,"Hamnett, PW; Saltré, F; Page, B; Tarran, M; Korcz, M; Fielder, K; Andrews, L; Bradshaw, CJA",Stochastic population models to identify optimal and cost‐effective harvest strategies for feral pig eradication,Ecosphere,0,
106,10.1111/j.1523-1739.2010.01448.x,2010,"Laurance, WF; Koh, LP; Butler, R; Sodhi, NS; Bradshaw, CJA; Neidel, JD; Consunji, H; Mateo Vega, J",Improving the performance of the Roundtable on Sustainable Palm Oil for Nature Conservation,Conserv Biol,0,
107,10.1371/journal.pone.0257141,2021,"Bradshaw, CJA; Chalker, JM; Crabtree, SA; Eijkelkamp, BA; Long, JA; Smith, JR; Trinajstic, K; Weisbecker, V",A fairer way to compare researchers at any career stage and in any discipline using open-access citation data,PLoS One,0,
108,10.1016/j.apenergy.2014.09.062,2014,"Hong, S; Bradshaw, CJA; Brook, BW",Nuclear power can reduce emissions and maintain a strong economy: rating Australia’s optimal future electricity-generation mix by technologies and policies,Appl Energy,0,
109,10.1890/070193,2009,"Bradshaw, CJA; Sodhi, NS; Brook, BW",Tropical turmoil: a biodiversity tragedy in progress,Front Ecol Environ,0,
110,10.1016/j.energy.2013.02.010,2013,"Hong, S; Bradshaw, CJA; Brook, BW",Evaluating options for sustainable energy mixes in South Korea using scenario analysis,Energy,0,
111,10.1016/j.enpol.2013.01.002,2013,"Hong, S; Bradshaw, CJA; Brook, BW",Evaluating options for the future energy mix of Japan after the Fukushima nuclear crisis,Energy Policy,75,
112,10.1016/j.cub.2011.09.028,2011,"Wernberg, T; Russell, BD; Thomsen, MS; Gurgel, CFD; Bradshaw, CJA; Poloczanska, ES; Connell, SD",Seaweed communities in retreat from ocean warming,Curr Biol,0,
113,10.1111/ecog.04530,2019,"Shabani, F; Ahmadi, M; Peters, KJ; Haberle, S; Champreux, A; Saltré, F; Bradshaw, CJA",Climate‐driven shifts in the distribution of koala‐browse species from the Last Interglacial to the near future,Ecography,26,
114,10.1002/ece3.1094,2014,"Sequeira, AMM; Roetman, PEJ; Daniels, CB; Baker, AK; Bradshaw, CJA",Distribution models for koalas in South Australia using citizen science‐collected data,Ecol Evol,0,
115,10.1002/2015GL066344,2015,"Turney, CSM; Thomas, ZA; Hutchinson, DK; Bradshaw, CJA; Brook, BW; England, MH; Fogwill, CJ; Jones, RT; Palmer, J; Hughen, KA; Cooper, A",Obliquity‐driven expansion of North Atlantic sea ice during the last glacial,Geophys Res Lett,0,
116,10.1111/aec.13492,2024,"Mathwin, R; Wassens, S; Turner, A; Heard, GW; Hall, A; Bradshaw, CJA",Modelling the sustainable harvest of wild populations for the conservation of a threatened amphibian,Austral Ecol,0,
117,10.1111/j.1467-2979.2009.00325.x,2009,"Field, IC; Meekan, MG; Buckworth, RC; Bradshaw, CJA",Protein mining the world’s oceans: Australasia as an example of illegal expansion‐and‐displacement fishing,Fish Fish,0,
118,10.1093/biosci/biu013,2014,"Herrando-Pérez, S; Brook, BW; Bradshaw, CJA",Ecology needs a convention of nomenclature,BioScience,0,
119,10.1111/jfb.12017,2013,"Sequeira, AMM; Mellin, C; Meekan, MG; Sims, DW; Bradshaw, CJA",Inferred global connectivity of whale shark <i>Rhincodon typus</i> populations,J Fish Biol,0,
120,10.1111/1365-2664.13187,2018,"Barnett, LK; Prowse, TAA; Peacock, DE; Mutze, GJ; Sinclair, RG; Kovaliski, J; Cooke, BD; Bradshaw, CJA",Previous exposure to myxoma virus reduces survival of European rabbits during outbreaks of rabbit haemorrhagic disease,J Appl Ecol,20,
121,10.1016/j.quageo.2015.08.002,2015,"Rodríguez-Rey, M; Herrando-Pérez, S; Gillespie, R; Jacobs, Z; Saltré, F; Brook, BW; Prideaux, GJ; Roberts, RG; Cooper, A; Alroy, J; Miller, GH; Bird, MI; Johnson, CN; Beeton, N; Turney, CS; Bradshaw, CJA",Criteria for assessing the quality of Middle Pleistocene to Holocene vertebrate fossil ages,Quat Geochronol,0,
122,10.1111/faf.12411,2020,"Friedman, K; Braccini, M; Bjerregaard‐Walsh, M; Bonfil, R; Bradshaw, CJA; Brouwer, S; Campbell, I; Coelho, R; Cortés, E; Dimmlich, W; Frisk, MG; Kingma, I; McCully Phillips, SR; O'Criodain, C; Parker, D; Shephard, S; Tovar‐Ávila, J; Yokawa, K",Informing CITES Parties: strengthening science‐based decision‐making when listing marine species,Fish Fish,0,
123,10.1016/j.ecolecon.2024.108166,2024,"Bradshaw, CJA; Hulme, PE; Hudgins, EJ; Leung, B; Kourantidou, M; Courtois, P; Turbelin, AJ; McDermott, SM; Lee, K; Ahmed, DA; Latombe, G; Bang, A; Bodey, TW; Haubrock, PJ; Saltré, F; Courchamp, F",Damage costs from invasive species exceed management expenditure in nations experiencing lower economic activity,Ecol Econ,0,
124,10.1016/j.quaint.2013.06.022,2013,"Johnson, CN; Bradshaw, CJA; Cooper, A; Gillespie, R; Brook, BW",Rapid megafaunal extinction following human arrival throughout the New World,Quat Int,0,
125,10.1111/conl.12098,2014,"Moen, J; Rist, L; Bishop, K; Chapin, FS; Ellison, D; Kuuluvainen, T; Petersson, H; Puettmann, KJ; Rayner, J; Warkentin, IG; Bradshaw, CJA",Eye on the taiga: removing global policy impediments to safeguard the boreal forest,Conserv Lett,0,
126,10.1002/ecs2.4379,2023,"Mathwin, R; Wassens, S; Gibbs, MS; Young, J; Ye, Q; Saltré, F; Bradshaw, CJA",Modeling the effects of water regulation on the population viability of a threatened amphibian,Ecosphere,0,
127,10.1073/pnas.1309226110,2013,"Brook, BW; Bradshaw, CJA; Cooper, A; Johnson, CN; Worthy, TH; Bird, M; Gillespie, R; Roberts, RG",Lack of chronological support for stepwise prehuman extinctions of Australian megafauna,Proc Natl Acad Sci USA,0,
128,10.1093/icesjms/fsy031,2018,"Bradshaw, CJA; Prowse, TAA; Drew, M; Gillanders, BM; Donnellan, SC; Huveneers, C",Predicting sustainable shark harvests when stock assessments are lacking,ICES J Mar Sci,0,
129,10.1038/sdata.2016.53,2016,"Rodríguez-Rey, M; Herrando-Pérez, S; Brook, BW; Saltré, F; Alroy, J; Beeton, N; Bird, MI; Cooper, A; Gillespie, R; Jacobs, Z; Johnson, CN; Miller, GH; Prideaux, GJ; Roberts, RG; Turney, CS; Bradshaw, CJA",A comprehensive database of quality-rated fossil ages for Sahul’s Quaternary vertebrates,Sci Data,0,
130,10.3354/meps319275,2006,"Meekan, M; Bradshaw, CJA; Press, M; McLean, C; Richards, A; Quasnichka, S; Taylor, J","Population size and structure of whale sharks <i>Rhincodon typus</i> at Ningaloo Reef, Western Australia",Mar Ecol Prog Ser,0,
131,10.1038/nature06518,2008,"Sims, DW; Southall, EJ; Humphries, NE; Hays, GC; Bradshaw, CJA; Pitchford, JW; James, A; Ahmed, MZ; Brierley, AS; Hindell, MA; Morritt, D; Musyl, MK; Righton, D; Shepard, ELC; Wearmouth, VJ; Wilson, RP; Witt, MJ; Metcalfe, JD",Scaling laws of marine predator search behaviour,Nature,0,
132,10.1111/eva.70092,2025,"Beaman, JE; Gates, K; Saltré, F; Hogg, CJ; Belov, K; Ashman, K; da Silva, KB; Beheregaray, LB; Bradshaw, CJA",A guide for developing demo‐genetic models to simulate genetic rescue,Evol Appl,0,
133,10.1890/100177,2011,"Clements, GR; Bradshaw, CJA; Brook, BW; Laurance, WF",The SAFE index: using a threshold population target to measure relative species threat,Front Ecol Environ,0,
134,10.1111/j.1744-7429.2006.00141.x,2006,"Brook, BW; Bradshaw, CJA; Koh, LP; Sodhi, NS",Momentum drives the crash: mass extinction in the tropics,Biotropica,0,
135,10.1111/j.1365-2664.2011.02081.x,2012,"Bradshaw, CJA; McMahon, CR; Miller, PS; Lacy, RC; Watts, MJ; Verant, ML; Pollak, JP; Fordham, DA; Prowse, TAA; Brook, BW",Novel coupling of individual‐based epidemiological and demographic models predicts realistic dynamics of tuberculosis in alien buffalo,J Appl Ecol,0,
136,10.1111/j.1472-4642.2011.00853.x,2012,"Sequeira, A; Mellin, C; Rowat, D; Meekan, MG; Bradshaw, CJA",Ocean‐scale prediction of whale shark distribution,Divers Distrib,0,
137,10.1093/biosci/biaf195,2026,"Courchamp, F; Klippel, G; Angulo, E; Arbieu, U; Bang, A; Bojko, J; Caetano, GHDO; Camacho-Cervantes, M; Carneiro, L; Cuthbert, RN; Dawson, MN; Desiderato, A; Fath, BD; Firth, JA; Latombe, G; Leroy, B; Liu, C; Manfrini, E; Pan, X; Pincheira-Donoso, D; Tonkin, JD; Vimercati, G; Wang, S; Bradshaw, CJA",Quantifying the magnitude of biological invasions using total biomass,BioScience,0,
138,10.1579/0044-7447-38.2.125,2009,"Bradshaw, CJA",Flooding policy makers with evidence to save forests,Ambio,0,
139,10.1016/j.biocon.2003.11.017,2004,"Otway, NM; Bradshaw, CJA; Harcourt, RG",Estimating the rate of quasi-extinction of the Australian grey nurse shark (<i>Carcharias taurus</i>) population using deterministic age- and stage-classified models,Biol Conserv,0,
140,10.1111/j.1755-263X.2012.00237.x,2012,"van Oosterzee, P; Blignaut, J; Bradshaw, CJA","iREDD hedges against avoided deforestation's unholy trinity of leakage, permanence and additionality",Conserv Lett,0,
141,10.1016/j.quascirev.2011.11.021,2012,"Bradshaw, CJA; Cooper, A; Turney, C; Brook, B",Robust estimates of extinction time in the geological record,Quat Sci Rev,0,
142,10.1111/csp2.448,2021,"Venning, KRW; Saltré, F; Bradshaw, CJA",Predicting targets and costs for feral‐cat reduction on large islands using stochastic population models,Conserv Sci Pract,0,
143,10.1016/j.biocon.2015.05.019,2015,"Bradshaw, CJA; Craigie, I; Laurance, WF",National emphasis on high-level protection reduces risk of biodiversity decline in tropical forest reserves,Biol Conserv,0,
144,10.1186/s12992-025-01142-3,2026,"Ubalde, J; Bradshaw, CJA; Le Souëf, PN; Judge, MA",Climate change policies fail to protect child health,Globaliz Health,0,
145,10.1016/j.biocon.2013.02.012,2013,"Bradshaw, CJA; Bowman, DM; Bond, NR; Murphy, BP; Moore, AD; Fordham, DA; Thackway, R; Lawes, MJ; McCallum, H; Gregory, SD; Dalal, RC; Boer, MM; Lynch, AJJ; Bradstock, RA; Brook, BW; Henry, BK; Hunt, LP; Fisher, DO; Hunter, D; Johnson, CN; et al.",Brave new green world – consequences of a carbon economy for the conservation of Australian biodiversity,Biol Conserv,0,
146,10.1002/rra.3951,2022,"Thompson, RM; Barbour, EJ; Bradshaw, CJA; Briggs, S; Byron, N; Grace, M; Hart, BT; King, AJ; Likens, GE; Pollino, CA; Sheldon, F; Stewardson, MJ; Thoms, M; Watts, RJ; Webb, JA",Principles for scientists working at the river science‐policy interface,River Res Appl,0,
147,10.1016/j.rsma.2015.05.002,2016,"Speed, C; Meekan, M; Field, I; McMahon, C; Harcourt, R; Stevens, J; Babcock, R; Pillans, R; Bradshaw, CJA",Reef shark movements relative to a coastal marine protected area,Reg Stud Mar Sci,0,
148,10.1890/0012-9658(2006)87[1445:SOEFDD]2.0.CO;2,2006,"Brook, BW; Bradshaw, CJA",Strength of evidence for density dependence in abundance time series of 1198 species,Ecology,0,
149,10.1371/journal.pone.0292854,2023,"Evans, T; Angulo, E; Bradshaw, CJA; Turbelin, A; Courchamp, F",Global economic costs of alien birds,PLoS One,0,
